away_assist_percentage,away_assists,away_block_percentage,away_blocks,away_defensive_rating,away_defensive_rebound_percentage,away_defensive_rebounds,away_effective_field_goal_percentage,away_field_goal_attempts,away_field_goal_percentage,away_field_goals,away_free_throw_attempt_rate,away_free_throw_attempts,away_free_throw_percentage,away_free_throws,away_losses,away_minutes_played,away_offensive_rating,away_offensive_rebound_percentage,away_offensive_rebounds,away_personal_fouls,away_points,away_steal_percentage,away_steals,away_three_point_attempt_rate,away_three_point_field_goal_attempts,away_three_point_field_goal_percentage,away_three_point_field_goals,away_total_rebound_percentage,away_total_rebounds,away_true_shooting_percentage,away_turnover_percentage,away_turnovers,away_two_point_field_goal_attempts,away_two_point_field_goal_percentage,away_two_point_field_goals,away_wins,date,home_assist_percentage,home_assists,home_block_percentage,home_blocks,home_defensive_rating,home_defensive_rebound_percentage,home_defensive_rebounds,home_effective_field_goal_percentage,home_field_goal_attempts,home_field_goal_percentage,home_field_goals,home_free_throw_attempt_rate,home_free_throw_attempts,home_free_throw_percentage,home_free_throws,home_losses,home_minutes_played,home_offensive_rating,home_offensive_rebound_percentage,home_offensive_rebounds,home_personal_fouls,home_points,home_steal_percentage,home_steals,home_three_point_attempt_rate,home_three_point_field_goal_attempts,home_three_point_field_goal_percentage,home_three_point_field_goals,home_total_rebound_percentage,home_total_rebounds,home_true_shooting_percentage,home_turnover_percentage,home_turnovers,home_two_point_field_goal_attempts,home_two_point_field_goal_percentage,home_two_point_field_goals,home_wins,location,losing_abbr,losing_name,pace,winner,winning_abbr,winning_name,gmDate,away_abbr,home_abbr,away_score,home_score
70.3,26,10.5,6,113.1,72.3,34,0.424,99,0.374,37,0.232,23,0.652,15,1,240,89.6,22.8,13,24,99,5.4,6,0.333,33,0.303,10,45.2,47,0.454,14.2,18,66,0.409,27,0,"7:00 PM, December 22, 2020",57.1,5,10.6,0,89.6,77.2,8,0.538,28,0.321,9,0.348,6,0.833,5,0,60,113.1,27.7,4,5,62,10,2,0.38,10,0.2,2,54.8,12,0.589,15.9,3,18,0.389,7,0,"Barclays Center, Brooklyn, New York",BRK,Brooklyn Nets,110.5,Away,GSW,Golden State Warriors,2020-12-22,GSW,BRK,99,125
50,22,5.8,3,105.3,78.4,29,0.548,93,0.473,44,0.204,19,0.737,14,0,240,112.1,22.9,11,29,116,9.7,10,0.43,40,0.35,14,47.1,40,0.572,13.6,16,53,0.566,30,1,"10:00 PM, December 22, 2020",57.9,9,3.8,0,112.1,77.1,10,0.525,20,0.7,14,0.383,7,0.857,6,0,60,105.3,21.6,2,4,55,3.9,5,0.358,10,0.5,5,52.9,12,0.576,16.7,5,10,0.9,9,0,"STAPLES Center, Los Angeles, California",LAL,Los Angeles Lakers,103.5,Away,LAC,Los Angeles Clippers,2020-12-22,LAC,LAL,116,109
41.3,19,9.8,6,122.1,80.4,41,0.589,90,0.511,46,0.2,18,0.833,15,1,240,121.1,28.9,11,20,121,4,4,0.389,35,0.4,14,58.4,52,0.618,14,16,55,0.582,32,0,"7:30 PM, December 23, 2020",47.9,10,10.9,0,121.1,71.1,12,0.564,24,0.583,14,0.109,1,1,1,0,60,122.1,19.6,1,3,58,8,1,0.396,13,0.385,5,41.6,13,0.576,5.4,4,11,0.818,9,0,"TD Garden, Boston, Massachusetts",BOS,Boston Celtics,99.9,Away,MIL,Milwaukee Bucks,2020-12-23,MIL,BOS,121,122
55.8,24,5.8,3,100.1,82.6,38,0.625,80,0.538,43,0.363,29,0.828,24,0,240,119.4,21.6,8,29,124,5.8,6,0.438,35,0.4,14,55.4,46,0.668,18.5,21,45,0.644,29,1,"8:00 PM, December 23, 2020",55.6,7,6.7,0,119.4,78.4,9,0.46,23,0.696,16,0.322,9,0.778,7,0,60,100.1,17.4,1,5,45,9.6,2,0.402,9,0.333,3,44.6,10,0.524,13.1,2,14,0.929,13,0,"United Center, Chicago, Illinois",CHI,Chicago Bulls,103.9,Away,ATL,Atlanta Hawks,2020-12-23,ATL,CHI,124,104
64.4,29,7,4,119.2,70.6,24,0.589,90,0.5,45,0.167,15,0.533,8,1,240,112.3,16.7,8,17,114,9.8,10,0.489,44,0.364,16,39,32,0.59,13.4,15,46,0.63,29,0,"7:00 PM, December 23, 2020",73.9,9,6.5,2,112.3,83.3,7,0.609,24,0.417,10,0.23,1,0,0,0,60,119.2,29.4,3,4,56,11.8,4,0.345,11,0.273,3,61,10,0.632,15.8,3,13,0.538,7,0,"Quicken Loans Arena, Cleveland, Ohio",CLE,Cleveland Cavaliers,101.5,Away,CHO,Charlotte Hornets,2020-12-23,CHO,CLE,114,121
60,27,10.1,7,111.5,78.3,36,0.49,102,0.441,45,0.304,31,0.774,24,0,265,113.3,33.3,18,29,124,4.6,5,0.304,31,0.323,10,54,54,0.536,10.8,14,71,0.493,35,1,"9:00 PM, December 23, 2020",59.6,8,15.5,2,113.3,66.7,8,0.52,23,0.391,9,0.245,5,0.8,4,0,60,111.5,21.7,4,6,10,5.5,0,0.296,9,0.333,3,46,12,0.562,12.1,4,14,0.429,6,0,"Ball Arena, Denver, Colorado",DEN,Denver Nuggets,99.1,Away,SAC,Sacramento Kings,2020-12-23,SAC,DEN,124,122
64.1,25,13.3,8,114.2,77.8,35,0.529,85,0.459,39,0.271,23,0.739,17,1,240,101,11.1,5,27,107,7.6,8,0.329,28,0.429,12,44.4,40,0.562,14.4,16,57,0.474,27,0,"7:00 PM, December 23, 2020",60.9,8,15.8,1,101,88.9,8,0.532,22,0.545,12,0.309,4,1,4,0,60,114.2,22.2,1,9,60,5.7,5,0.362,8,0.625,5,55.6,9,0.567,10.9,7,14,0.5,7,0,"Bankers Life Fieldhouse, Indianapolis, Indiana",IND,Indiana Pacers,106,Away,NYK,New York Knicks,2020-12-23,NYK,IND,107,121
58.3,28,11.8,8,110.5,88.9,40,0.558,95,0.505,48,0.305,29,0.862,25,0,240,121.6,17.8,8,18,131,7.4,8,0.263,25,0.4,10,53.3,48,0.608,8.5,10,70,0.543,38,1,"8:00 PM, December 23, 2020",55.1,3,11.4,0,121.6,82.2,14,0.568,22,0.409,9,0.189,10,0.9,9,0,60,110.5,11.1,2,3,66,5.6,0,0.284,8,0.375,3,46.7,16,0.578,9.7,4,14,0.429,6,0,"FedEx Forum, Memphis, Tennessee",MEM,Memphis Grizzlies,107.7,Away,SAS,San Antonio Spurs,2020-12-23,SAS,MEM,131,119
64.4,29,4.3,2,112.7,75.5,37,0.527,93,0.484,45,0.086,8,0.375,3,1,240,102.6,16.3,7,20,101,5.1,5,0.376,35,0.229,8,47.8,44,0.523,11.1,12,58,0.638,37,0,"8:00 PM, December 23, 2020",65.8,9,8.6,0,102.6,83.7,10,0.494,24,0.583,14,0.318,3,0.667,2,0,60,112.7,24.5,1,5,55,6.1,1,0.466,6,0.667,4,52.2,11,0.553,9.9,1,18,0.556,10,0,"Target Center, Minneapolis, Minnesota",MIN,Minnesota Timberwolves,98.5,Away,DET,Detroit Pistons,2020-12-23,DET,MIN,101,111
59.5,25,3.3,2,107.7,76.6,36,0.548,83,0.506,42,0.229,19,0.842,16,1,240,102,18.9,7,21,107,10.5,11,0.241,20,0.35,7,51.2,43,0.586,19.4,22,63,0.556,35,0,"7:00 PM, December 23, 2020",54.8,8,4.8,1,102,81.1,8,0.534,21,0.524,11,0.341,4,0.75,3,0,60,107.7,23.4,1,2,57,14.3,5,0.318,6,0.667,4,48.8,9,0.558,14.4,5,15,0.467,7,0,"Amway Center, Orlando, Florida",ORL,Orlando Magic,104.9,Away,MIA,Miami Heat,2020-12-23,MIA,ORL,107,113
71.8,28,6.8,4,106.9,77.8,35,0.535,85,0.459,39,0.271,23,0.696,16,1,240,101.2,11.9,5,26,107,6.6,7,0.318,27,0.481,13,46,40,0.562,16.6,19,58,0.448,26,0,"7:00 PM, December 23, 2020",53.7,8,13.8,0,101.2,88.1,9,0.517,25,0.48,12,0.345,1,0,0,2,60,106.9,22.2,1,3,55,10.4,3,0.322,6,0.333,2,54,10,0.564,13.8,3,19,0.526,10,76,"Wells Fargo Center, Philadelphia, Pennsylvania",PHI,Philadelphia 76ers,105.7,Away,WAS,Washington Wizards,2020-12-23,WAS,PHI,107,113
47.2,17,0,0,105.5,84.6,33,0.476,85,0.424,36,0.306,26,0.808,21,1,240,101.5,12.5,6,23,102,6,6,0.435,37,0.243,9,44.8,39,0.529,10.2,11,48,0.562,27,0,"10:30 PM, December 23, 2020",55.3,4,14.6,0,101.5,87.5,11,0.551,25,0.28,7,0.342,7,0.857,6,0,60,105.5,15.4,2,5,53,7,2,0.38,11,0.182,2,55.2,13,0.583,16.5,2,14,0.357,5,0,"Phoenix Suns Arena, Phoenix, Arizona",PHO,Phoenix Suns,100.4,Away,DAL,Dallas Mavericks,2020-12-23,DAL,PHO,102,106
55.8,24,5.1,3,101.8,88.7,47,0.559,94,0.457,43,0.202,19,0.789,15,0,240,122.1,26.1,12,16,120,3.1,3,0.532,50,0.38,19,59.6,59,0.586,9.7,11,44,0.545,24,1,"10:00 PM, December 23, 2020",62.2,6,6.8,2,122.1,73.9,14,0.467,27,0.481,13,0.185,2,0,0,0,60,101.8,11.3,3,5,56,6.1,0,0.359,12,0.5,6,40.4,17,0.503,5.7,1,15,0.467,7,0,"Moda Center, Portland, Oregon",POR,Portland Trail Blazers,98.3,Away,UTA,Utah Jazz,2020-12-23,UTA,POR,120,100
71.4,30,16.3,7,95.2,84.1,37,0.644,80,0.525,42,0.25,20,0.5,10,0,240,108.6,22.2,8,17,113,12.5,13,0.525,42,0.452,19,56.3,45,0.636,21.3,24,38,0.605,23,1,"7:30 PM, December 23, 2020",68.4,9,13.2,2,108.6,77.8,8,0.506,24,0.417,10,0.135,8,0.25,2,0,60,95.2,15.9,4,5,42,9.6,5,0.517,8,0.125,1,43.8,12,0.525,17.5,6,16,0.562,9,0,"Amalie Arena, Tampa, Florida",TOR,Toronto Raptors,104,Away,NOP,New Orleans Pelicans,2020-12-23,NOP,TOR,113,99
51.2,21,14.1,10,99.8,63,34,0.638,76,0.539,41,0.408,31,0.839,26,0,240,129.2,25,9,22,123,5.3,5,0.382,29,0.517,15,47.8,43,0.686,14.3,15,47,0.553,26,2,"5:00 PM, December 25, 2020",62.2,6,10.6,3,129.2,75,7,0.418,22,0.409,9,0.194,6,0.833,5,0,60,99.8,37,3,5,41,6.3,1,0.276,8,0.375,3,52.2,10,0.447,12.4,2,14,0.429,6,0,"TD Garden, Boston, Massachusetts",BOS,Boston Celtics,95.2,Away,BRK,Brooklyn Nets,2020-12-25,BRK,BOS,123,95
78,32,8.9,4,116.3,74.4,29,0.682,74,0.554,41,0.324,24,0.833,20,0,240,130.3,29,9,32,121,9.7,9,0.514,38,0.5,19,54.3,38,0.715,17.6,18,36,0.611,22,2,"10:30 PM, December 25, 2020",67.6,10,2.8,0,130.3,71,8,0.525,18,0.556,10,0.383,8,0.75,6,0,60,116.3,25.6,3,11,53,7.5,4,0.444,10,0.6,6,45.7,11,0.571,12.1,6,8,0.5,4,0,"Ball Arena, Denver, Colorado",DEN,Denver Nuggets,92.8,Away,LAC,Los Angeles Clippers,2020-12-25,LAC,DEN,121,108
48.8,20,5.8,3,139.5,58.5,24,0.572,83,0.494,41,0.313,26,0.769,20,2,240,116.3,7.7,3,22,115,13.1,13,0.386,32,0.406,13,33.8,27,0.609,8.7,9,51,0.549,28,0,"8:00 PM, December 25, 2020",64.7,5,7.8,1,116.3,92.3,7,0.665,20,0.55,11,0.264,4,1,4,0,60,139.5,41.5,0,4,69,9.1,2,0.429,8,0.5,4,66.3,7,0.679,13.6,2,12,0.583,7,0,"STAPLES Center, Los Angeles, California",LAL,Los Angeles Lakers,98.9,Away,DAL,Dallas Mavericks,2020-12-25,DAL,LAL,115,138
58.1,18,5.3,2,114.7,88.2,30,0.462,78,0.397,31,0.423,33,0.788,26,1,240,101.3,26.2,11,20,98,8.3,8,0.449,35,0.286,10,53.9,41,0.53,17,19,43,0.488,21,1,"12:00 PM, December 25, 2020",76.3,8,4.7,0,101.3,73.8,7,0.613,21,0.381,8,0.307,8,1,8,0,60,114.7,11.8,3,1,45,11.4,2,0.493,9,0.222,2,46.1,10,0.652,16.6,4,12,0.5,6,0,"AmericanAirlines Arena, Miami, Florida",MIA,Miami Heat,96.8,Away,NOP,New Orleans Pelicans,2020-12-25,NOP,MIA,98,111
41.2,14,11.1,6,128.4,75,33,0.394,99,0.343,34,0.253,25,0.84,21,2,240,92.1,16.9,10,22,99,4.7,5,0.455,45,0.222,10,41.7,43,0.45,9.1,11,54,0.444,24,0,"2:30 PM, December 25, 2020",50,4,7.4,3,92.1,83.1,13,0.667,24,0.292,7,0.289,11,0.818,9,0,60,128.4,25,1,8,72,5.6,2,0.4,13,0.154,2,58.3,14,0.68,14.4,3,11,0.455,5,0,"Fiserv Forum, Milwaukee, Wisconsin",MIL,Milwaukee Bucks,107.5,Away,GSW,Golden State Warriors,2020-12-25,GSW,MIL,99,138
65.4,34,7.7,4,100,75.5,40,0.608,93,0.559,52,0.204,19,0.632,12,0,240,117.9,24.3,9,26,125,14.2,15,0.28,26,0.346,9,54.4,49,0.617,13.6,16,67,0.642,43,2,"8:00 PM, December 26, 2020",67.6,7,10.4,2,117.9,75.7,11,0.462,25,0.52,13,0.275,2,0,0,0,60,100,24.5,2,6,50,6.6,2,0.429,7,0.143,1,45.6,13,0.52,16.4,2,18,0.667,12,0,"United Center, Chicago, Illinois",CHI,Chicago Bulls,106,Away,IND,Indiana Pacers,2020-12-26,IND,CHI,125,106
62.5,25,11.5,7,102.8,77.6,45,0.511,88,0.455,40,0.273,24,0.792,19,0,240,104.7,20.9,9,21,109,9.6,10,0.409,36,0.278,10,53.5,54,0.553,14,16,52,0.577,30,1,"7:00 PM, December 26, 2020",73,8,15.4,1,104.7,79.1,9,0.468,24,0.458,11,0.344,2,1,2,0,60,102.8,22.4,3,5,48,10.6,3,0.344,10,0.2,2,46.5,12,0.5,10.8,2,14,0.643,9,0,"Spectrum Center, Charlotte, North Carolina",CHO,Charlotte Hornets,104.1,Away,OKC,Oklahoma City Thunder,2020-12-26,OKC,CHO,109,107
60.4,29,7.5,4,97.8,81.5,44,0.551,99,0.485,48,0.303,30,0.633,19,0,290,105.2,13,7,24,128,10.7,13,0.303,30,0.433,13,47.2,51,0.57,13.8,18,69,0.507,35,2,"7:00 PM, December 26, 2020",60,4,7.2,1,105.2,87,8,0.49,22,0.5,11,0.327,1,0,0,0,60,97.8,18.5,1,3,7,7.4,2,0.459,7,0.571,4,52.8,9,0.531,16.4,6,15,0.467,7,0,"Little Caesars Arena, Detroit, Michigan",DET,Detroit Pistons,100.6,Away,CLE,Cleveland Cavaliers,2020-12-26,CLE,DET,128,119
60.5,23,10,5,107.3,82,41,0.5,89,0.427,38,0.427,38,0.868,33,0,240,116.8,26,13,20,122,3.8,4,0.404,36,0.361,13,54,54,0.577,12.4,15,53,0.472,25,2,"5:00 PM, December 26, 2020",54.1,5,11.3,0,116.8,74,12,0.468,25,0.44,11,0.312,2,1,2,0,60,107.3,18,1,6,56,4.8,3,0.462,13,0.231,3,46,13,0.53,8.6,3,12,0.667,8,0,"FedEx Forum, Memphis, Tennessee",MEM,Memphis Grizzlies,104.4,Away,ATL,Atlanta Hawks,2020-12-26,ATL,MEM,122,112
48.8,20,11.1,6,94.8,72.9,35,0.528,88,0.466,41,0.25,22,0.727,16,0,240,116,28.6,12,19,109,9.6,9,0.352,31,0.355,11,52.2,47,0.558,10.9,12,57,0.526,30,0,"7:30 PM, December 26, 2020",59.4,3,7,2,116,71.4,9,0.434,27,0.407,11,0.277,4,0.5,2,0,60,94.8,27.1,5,6,34,6.4,2,0.349,9,0.333,3,47.8,14,0.478,14.7,1,18,0.444,8,0,"Madison Square Garden (IV), New York, New York",NYK,New York Knicks,93.9,Away,PHI,Philadelphia 76ers,2020-12-26,PHI,NYK,109,89
60,27,8.8,5,119.2,74.4,32,0.58,87,0.517,45,0.368,32,0.781,25,1,265,117.4,22.7,10,22,126,4.7,5,0.402,35,0.314,11,48.3,42,0.623,13.7,16,52,0.654,34,0,"10:00 PM, December 26, 2020",57.4,9,9.6,1,117.4,77.3,10,0.554,19,0.632,12,0.225,4,1,4,0,60,119.2,25.6,0,4,15,9.3,1,0.441,6,0.5,3,51.7,10,0.571,10.4,4,13,0.692,9,0,"Moda Center, Portland, Oregon",POR,Portland Trail Blazers,97.2,Away,HOU,Houston Rockets,2020-12-26,HOU,POR,126,128
61,25,7.9,5,104.6,66.7,30,0.474,98,0.418,41,0.133,13,0.769,10,1,240,101.6,19.6,10,23,103,7.9,8,0.449,44,0.25,11,41.7,40,0.497,9.6,11,54,0.556,30,1,"10:00 PM, December 26, 2020",51.3,6,16.7,0,101.6,80.4,5,0.483,25,0.44,11,0.384,0,,0,0,60,104.6,33.3,2,4,48,3.9,1,0.267,12,0.25,3,58.3,7,0.527,15.2,4,13,0.615,8,0,"Golden 1 Center, Sacramento, California",SAC,Sacramento Kings,101.3,Away,PHO,Phoenix Suns,2020-12-26,PHO,SAC,103,106
72.7,32,13.6,9,114.3,72,36,0.536,96,0.458,44,0.156,15,0.733,11,2,240,109.5,20.4,10,23,114,7.7,8,0.427,41,0.366,15,46.5,46,0.556,9.7,11,55,0.527,29,0,"8:30 PM, December 26, 2020",76.6,13,5.5,1,109.5,79.6,7,0.54,26,0.615,16,0.16,4,0.75,3,0,60,114.3,28,5,5,58,3.8,4,0.34,8,0.5,4,53.5,12,0.556,13,2,18,0.667,12,0,"AT&T Center, San Antonio, Texas",SAS,San Antonio Spurs,104.1,Away,TOR,Toronto Raptors,2020-12-26,TOR,SAS,114,119
46.7,21,8.3,5,108.5,59.6,28,0.51,101,0.446,45,0.178,18,0.722,13,0,240,113.4,24,12,28,116,8.8,9,0.287,29,0.448,13,41.2,40,0.533,7.6,9,72,0.444,32,2,"9:00 PM, December 26, 2020",41.7,3,5.6,3,113.4,76,8,0.436,24,0.458,11,0.394,7,0.857,6,0,60,108.5,40.4,3,5,58,4.9,3,0.362,6,0.5,3,58.8,11,0.503,14,2,18,0.444,8,0,"Vivint Smart Home Arena, Salt Lake City, Utah",UTA,Utah Jazz,102.3,Away,MIN,Minnesota Timberwolves,2020-12-26,MIN,UTA,116,111
52.1,25,0,0,108.7,86,43,0.563,95,0.505,48,0.305,29,0.793,23,0,240,117.8,23.4,11,21,130,7.2,8,0.326,31,0.355,11,55.7,54,0.603,10.8,13,64,0.578,37,2,"7:00 PM, December 26, 2020",60.9,4,4.7,0,117.8,76.6,12,0.553,22,0.591,13,0.295,4,0.75,3,0,60,108.7,14,0,6,61,4.5,2,0.389,7,0.429,3,44.3,12,0.559,11.5,5,15,0.667,10,0,"Capital One Arena, Washington, District of Columbia",WAS,Washington Wizards,110.3,Away,ORL,Orlando Magic,2020-12-26,ORL,WAS,130,120
59.5,25,8.9,4,111.1,81.6,31,0.49,104,0.404,42,0.288,30,0.9,27,2,240,111.9,17.5,10,23,129,14.8,17,0.452,47,0.383,18,43.2,41,0.55,9.3,12,57,0.421,24,1,"8:00 PM, December 27, 2020",61.4,7,10.5,1,111.9,82.5,8,0.61,26,0.346,9,0.36,5,0.8,4,0,60,111.1,18.4,2,8,72,3.5,3,0.477,9,0.222,2,56.8,10,0.642,19.4,4,17,0.412,7,0,"United Center, Chicago, Illinois",CHI,Chicago Bulls,115.2,Away,GSW,Golden State Warriors,2020-12-27,GSW,CHI,129,128
65.7,23,8.1,5,103.3,75.5,40,0.53,82,0.427,35,0.305,25,0.68,17,1,240,101.4,13.3,6,17,104,3.9,4,0.573,47,0.362,17,46.9,46,0.559,17,19,35,0.514,18,2,"7:00 PM, December 27, 2020",81.4,5,8.6,3,101.4,86.7,11,0.5,23,0.304,7,0.177,6,0.667,4,0,60,103.3,24.5,3,3,58,7.8,2,0.354,16,0.25,4,53.1,14,0.512,10.4,5,7,0.429,3,0,"Spectrum Center, Charlotte, North Carolina",CHO,Charlotte Hornets,102.6,Away,BRK,Brooklyn Nets,2020-12-27,BRK,CHO,104,106
72.7,24,7.4,5,117.5,73.8,31,0.494,79,0.418,33,0.278,22,0.727,16,0,240,93.6,19,8,19,94,9,9,0.468,37,0.324,12,46.4,39,0.53,19.1,21,42,0.5,21,0,"7:30 PM, December 27, 2020",64.6,8,14.3,4,93.6,81,11,0.577,20,0.4,8,0.176,5,1,5,0,60,117.5,26.2,1,4,54,12.9,1,0.253,9,0.333,3,53.6,12,0.602,14,5,11,0.455,5,0,"Quicken Loans Arena, Cleveland, Ohio",CLE,Cleveland Cavaliers,100.4,Away,PHI,Philadelphia 76ers,2020-12-27,PHI,CLE,94,118
52.5,21,11.3,7,107.6,81,34,0.563,79,0.506,40,0.304,24,0.75,18,2,240,106.6,17.1,6,17,107,13,13,0.291,23,0.391,9,51.9,40,0.597,16.7,18,56,0.554,31,1,"8:00 PM, December 27, 2020",51.1,5,12.5,2,106.6,82.9,14,0.551,16,0.562,9,0.17,6,0.5,3,0,60,107.6,19,0,4,59,11,1,0.295,5,0.4,2,48.1,14,0.571,14.5,7,11,0.636,7,0,"Bankers Life Fieldhouse, Indianapolis, Indiana",IND,Indiana Pacers,100.3,Away,BOS,Boston Celtics,2020-12-27,BOS,IND,107,108
58.1,25,4.7,2,80.3,89.6,43,0.575,87,0.494,43,0.31,27,0.889,24,2,240,136.3,26.2,11,14,124,11,10,0.471,41,0.341,14,60,54,0.627,5.7,6,46,0.63,29,1,"3:30 PM, December 27, 2020",50,8,4.3,2,136.3,73.8,15,0.368,27,0.519,14,0.263,4,1,4,0,60,80.3,10.4,4,2,46,2.2,3,0.434,11,0.364,4,40,19,0.43,12.4,2,16,0.625,10,0,"STAPLES Center, Los Angeles, California",LAC,Los Angeles Clippers,90.9,Away,DAL,Dallas Mavericks,2020-12-27,DAL,LAC,124,73
63.2,24,10.9,6,119,86.1,31,0.398,103,0.369,38,0.136,14,0.643,9,1,240,85.3,29.3,17,24,91,10.3,11,0.34,35,0.171,6,51.1,48,0.417,13.5,17,68,0.471,32,2,"10:00 PM, December 27, 2020",64,5,20.6,0,85.3,70.7,5,0.628,31,0.355,11,0.2,1,1,1,0,60,119,13.9,4,7,60,5.6,5,0.389,10,0,0,48.9,9,0.648,14.8,3,21,0.524,11,0,"STAPLES Center, Los Angeles, California",LAL,Los Angeles Lakers,106.7,Away,MIN,Minnesota Timberwolves,2020-12-27,MIN,LAL,91,127
68.4,26,14.3,10,97.2,76.8,43,0.489,89,0.427,38,0.09,8,1,8,1,240,94.2,8.5,4,23,95,5,5,0.404,36,0.306,11,45.6,47,0.513,14,15,53,0.509,27,2,"7:00 PM, December 27, 2020",41.7,6,7.5,2,94.2,91.5,14,0.41,22,0.318,7,0.309,2,1,2,0,60,97.2,23.2,1,2,51,10.9,1,0.255,7,0.286,2,54.4,15,0.459,7,3,15,0.333,5,0,"Smoothie King Center, New Orleans, Louisiana",NOP,New Orleans Pelicans,100.9,Away,SAS,San Antonio Spurs,2020-12-27,SAS,NOP,95,98
58.5,24,8.6,5,129.4,77.1,27,0.468,95,0.432,41,0.305,29,0.724,21,2,240,109.5,30.9,17,21,110,7,7,0.4,38,0.184,7,48.9,44,0.51,9.3,11,57,0.596,34,1,"7:30 PM, December 27, 2020",58.7,6,7,3,109.5,69.1,7,0.635,23,0.478,11,0.318,5,0.6,3,0,60,129.4,22.9,3,5,69,5,1,0.318,11,0.182,2,51.1,10,0.671,13.4,3,12,0.75,9,0,"Madison Square Garden (IV), New York, New York",NYK,New York Knicks,100.5,Away,MIL,Milwaukee Bucks,2020-12-27,MIL,NYK,110,130
73.9,34,5.7,3,102.2,92.3,36,0.564,94,0.489,46,0.117,11,0.909,10,1,240,118.5,18.2,8,20,116,6.1,6,0.372,35,0.4,14,53,44,0.587,8.3,9,59,0.542,32,2,"9:00 PM, December 27, 2020",58.3,8,6.8,0,118.5,81.8,7,0.539,23,0.478,11,0.329,1,1,1,0,60,102.2,7.7,0,4,47,5.1,0,0.303,8,0.625,5,47,7,0.575,14.7,1,15,0.4,6,0,"Golden 1 Center, Sacramento, California",SAC,Sacramento Kings,97.9,Away,PHO,Phoenix Suns,2020-12-27,PHO,SAC,116,100
51.4,19,4.6,3,114.1,72.3,34,0.488,85,0.435,37,0.447,38,0.974,37,0,240,121.2,24.4,11,14,120,6.1,6,0.294,25,0.36,9,48.9,45,0.59,9,10,60,0.467,28,3,"7:00 PM, December 27, 2020",57.4,7,6.7,1,121.2,75.6,9,0.526,25,0.4,10,0.134,5,1,5,0,60,114.1,27.7,3,4,53,6.1,2,0.33,7,0.571,4,51.1,12,0.55,11.2,2,18,0.333,6,0,"Capital One Arena, Washington, District of Columbia",WAS,Washington Wizards,99,Away,ORL,Orlando Magic,2020-12-27,ORL,WAS,120,113
55.8,24,10,4,130.8,79.5,31,0.505,98,0.439,43,0.245,24,0.875,21,3,240,122.7,31.5,17,25,120,7.2,7,0.418,41,0.317,13,51.6,48,0.553,6.9,8,57,0.526,30,0,"7:30 PM, December 28, 2020",75,5,12.3,0,122.7,68.5,7,0.61,24,0.417,10,0.39,2,1,2,0,60,130.8,20.5,3,3,63,5.1,0,0.512,10,0.3,3,48.4,10,0.666,11.9,1,14,0.5,7,0,"State Farm Arena, Atlanta, Georgia",ATL,Atlanta Hawks,97.8,Away,DET,Detroit Pistons,2020-12-28,DET,ATL,120,128
47.6,20,6.9,4,101.5,75.5,40,0.48,98,0.429,42,0.296,29,0.759,22,2,265,106,30.2,16,17,116,9.1,10,0.296,29,0.345,10,52.8,56,0.524,14.6,19,69,0.464,32,1,"7:30 PM, December 28, 2020",68.3,7,8.7,2,106,69.8,11,0.48,26,0.462,12,0.17,6,0.667,4,0,60,101.5,24.5,4,3,5,11.9,2,0.42,9,0.444,4,47.2,15,0.516,13.7,3,17,0.471,8,0,"Barclays Center, Brooklyn, New York",BRK,Brooklyn Nets,99.1,Away,MEM,Memphis Grizzlies,2020-12-28,MEM,BRK,116,111
64.1,25,5.4,3,119.5,75,33,0.547,86,0.453,39,0.267,23,0.739,17,2,240,107,10.9,5,25,111,7.7,8,0.453,39,0.41,16,42.2,38,0.577,13.5,15,47,0.489,23,0,"9:00 PM, December 28, 2020",67.4,7,14.9,1,107,89.1,7,0.609,19,0.474,9,0.368,4,0.75,3,0,60,119.5,25,2,7,54,7.7,2,0.356,9,0.556,5,57.8,9,0.613,12.2,6,10,0.4,4,0,"Ball Arena, Denver, Colorado",DEN,Denver Nuggets,103.8,Away,HOU,Houston Rockets,2020-12-28,HOU,DEN,111,124
62.8,27,10,6,107.1,86.4,38,0.554,92,0.467,43,0.163,15,0.867,13,1,240,115.1,16.7,7,16,115,9,9,0.5,46,0.348,16,52.3,45,0.583,8.4,9,46,0.587,27,2,"10:00 PM, December 28, 2020",48.8,3,10.9,1,115.1,83.3,10,0.529,23,0.304,7,0.207,5,1,5,0,60,107.1,13.6,3,2,53,6,2,0.31,14,0.214,3,47.7,13,0.564,12.9,4,9,0.444,4,0,"STAPLES Center, Los Angeles, California",LAL,Los Angeles Lakers,99.9,Away,POR,Portland Trail Blazers,2020-12-28,POR,LAL,115,107
55.8,24,12.5,6,109.9,83.3,35,0.576,86,0.5,43,0.163,14,0.786,11,1,240,110.9,21.1,8,19,110,9.1,9,0.419,36,0.361,13,53.8,43,0.597,14.8,16,50,0.6,30,2,"8:00 PM, December 28, 2020",52.5,5,10,1,110.9,78.9,10,0.552,22,0.455,10,0.221,2,0.5,1,0,60,109.9,16.7,2,4,57,9.1,3,0.442,6,0.167,1,46.3,12,0.578,13.7,4,16,0.562,9,0,"Chesapeake Energy Arena, Oklahoma City, Oklahoma",OKC,Oklahoma City Thunder,99.2,Away,UTA,Utah Jazz,2020-12-28,UTA,OKC,110,109
67.6,23,10.7,6,89.9,74.5,41,0.519,79,0.43,34,0.266,21,0.619,13,2,240,99.3,32.6,14,21,95,9.4,9,0.316,25,0.56,14,56.1,55,0.538,22.1,25,54,0.37,20,2,"7:00 PM, December 29, 2020",68.8,8,18.5,3,99.3,67.4,14,0.403,22,0.5,11,0.25,2,1,2,0,60,89.9,25.5,3,3,40,13.6,4,0.364,8,0.625,5,43.9,17,0.44,11.7,7,14,0.429,6,0,"Quicken Loans Arena, Cleveland, Ohio",CLE,Cleveland Cavaliers,95.6,Away,NYK,New York Knicks,2020-12-29,NYK,CLE,95,86
55.3,21,14,8,103.8,69.2,36,0.592,76,0.5,38,0.474,36,0.722,26,2,240,113.6,12.1,4,28,116,7.8,8,0.434,33,0.424,14,47.1,40,0.632,17.1,19,43,0.558,24,2,"7:00 PM, December 29, 2020",60,6,14,1,113.6,87.9,8,0.451,20,0.45,9,0.315,6,0.5,3,0,60,103.8,30.8,1,7,55,7.8,1,0.38,10,0.3,3,52.9,9,0.506,12.5,3,10,0.6,6,0,"Little Caesars Arena, Detroit, Michigan",DET,Detroit Pistons,102.2,Away,GSW,Golden State Warriors,2020-12-29,GSW,DET,116,106
52.5,21,5.9,3,113,88.6,31,0.556,80,0.5,40,0.463,37,0.73,27,2,240,118.1,27.3,12,16,116,10.2,10,0.275,22,0.409,9,54.4,43,0.602,12.7,14,58,0.534,31,2,"7:00 PM, December 29, 2020",62.8,7,8.6,0,118.1,72.7,10,0.583,23,0.478,11,0.19,8,0.75,6,0,60,113,11.4,5,3,54,9.2,3,0.393,6,0.5,3,45.6,15,0.61,13.3,4,17,0.471,8,0,"Bankers Life Fieldhouse, Indianapolis, Indiana",IND,Indiana Pacers,98.3,Away,BOS,Boston Celtics,2020-12-29,BOS,IND,116,111
59.5,22,10.5,6,126.4,80,28,0.489,89,0.416,37,0.191,17,0.824,14,2,240,103,22,11,15,101,7.1,7,0.427,38,0.342,13,45.9,39,0.523,12.7,14,51,0.471,24,2,"10:00 PM, December 29, 2020",68.1,9,19.6,0,103,78,7,0.625,22,0.455,10,0.182,6,0.833,5,0,60,126.4,20,3,5,54,6.1,3,0.352,9,0.444,4,54.1,10,0.652,12,3,13,0.462,6,0,"STAPLES Center, Los Angeles, California",LAC,Los Angeles Clippers,98.1,Away,MIN,Minnesota Timberwolves,2020-12-29,MIN,LAC,101,124
62.7,32,4.8,2,93.8,92.1,35,0.712,92,0.554,51,0.163,15,0.867,13,2,240,139.3,27,10,22,144,13.5,14,0.554,51,0.569,29,60,45,0.73,14.7,17,41,0.537,22,2,"7:30 PM, December 29, 2020",62.2,13,14.6,0,139.3,73,6,0.538,25,0.68,17,0.228,4,1,4,0,60,93.8,7.9,1,3,46,8.7,8,0.468,12,0.667,8,40,7,0.558,19.5,5,13,0.692,9,0,"AmericanAirlines Arena, Miami, Florida",MIA,Miami Heat,103.4,Away,MIL,Milwaukee Bucks,2020-12-29,MIL,MIA,144,97
53.1,26,3.8,2,104.4,77.3,34,0.547,96,0.51,49,0.167,16,0.813,13,0,240,115.1,24.5,12,23,118,11.7,12,0.229,22,0.318,7,49.5,46,0.573,9.6,11,74,0.568,42,4,"8:00 PM, December 29, 2020",46.5,8,9.5,2,115.1,75.5,10,0.557,24,0.625,15,0.218,3,0.333,1,0,60,104.4,22.7,2,3,51,2.9,2,0.391,6,0.5,3,50.5,12,0.561,17.3,2,18,0.667,12,0,"Chesapeake Energy Arena, Oklahoma City, Oklahoma",OKC,Oklahoma City Thunder,102.5,Away,ORL,Orlando Magic,2020-12-29,ORL,OKC,118,107
65.6,21,13.2,7,96.3,80.4,37,0.45,90,0.356,32,0.156,14,0.857,12,3,240,89.6,18.2,10,28,93,11.6,12,0.5,45,0.378,17,46.5,47,0.484,16.5,19,45,0.333,15,0,"7:00 PM, December 29, 2020",65.6,8,22.2,3,89.6,81.8,17,0.429,24,0.417,10,0.393,2,1,2,2,60,96.3,19.6,3,2,52,9.6,1,0.369,15,0.4,6,53.5,20,0.508,15.4,4,9,0.444,4,76,"Wells Fargo Center, Philadelphia, Pennsylvania",PHI,Philadelphia 76ers,103.8,Away,TOR,Toronto Raptors,2020-12-29,TOR,PHI,93,100
48.6,18,8.1,3,122.8,73.9,34,0.5,77,0.481,37,0.234,18,0.5,9,2,240,95.1,18.4,7,14,86,8.8,8,0.312,24,0.125,3,48.8,41,0.506,15.9,16,53,0.642,34,2,"10:00 PM, December 29, 2020",64.9,8,7.5,1,95.1,81.6,6,0.554,18,0.722,13,0.226,6,0.333,2,0,60,122.8,26.1,1,2,45,7.7,4,0.56,4,0.25,1,51.2,7,0.601,9.8,4,14,0.857,12,0,"Phoenix Suns Arena, Phoenix, Arizona",PHO,Phoenix Suns,90.4,Away,NOP,New Orleans Pelicans,2020-12-29,NOP,PHO,86,111
61.4,27,8.2,5,126.2,72.7,32,0.611,81,0.543,44,0.247,20,0.8,16,3,240,116.1,21.9,7,18,115,7.1,7,0.346,28,0.393,11,51.3,39,0.64,17.5,19,53,0.623,33,1,"10:00 PM, December 29, 2020",71.7,10,3.8,0,116.1,78.1,6,0.574,24,0.667,16,0.234,1,1,1,0,60,126.2,27.3,2,4,51,9.1,3,0.351,4,0.25,1,48.7,8,0.603,8.8,3,20,0.75,15,0,"Golden 1 Center, Sacramento, California",SAC,Sacramento Kings,99.1,Away,DEN,Denver Nuggets,2020-12-29,DEN,SAC,115,125
68.4,26,2.1,1,101.3,80,32,0.523,87,0.437,38,0.368,32,0.75,24,3,240,108.9,11.4,5,23,115,6.6,7,0.414,36,0.417,15,44,37,0.569,12.2,14,51,0.451,23,1,"7:00 PM, December 29, 2020",67.6,6,11.8,0,108.9,88.6,5,0.5,24,0.417,10,0.31,9,0.667,6,0,60,101.3,20,3,3,61,5.7,1,0.44,12,0.417,5,56,8,0.561,16.6,2,12,0.417,5,0,"Capital One Arena, Washington, District of Columbia",WAS,Washington Wizards,105.6,Away,CHI,Chicago Bulls,2020-12-29,CHI,WAS,115,107
65,26,5.8,3,120.2,76.2,32,0.478,93,0.43,40,0.269,25,0.72,18,3,240,102.1,30.4,14,13,107,7.6,8,0.355,33,0.273,9,52.3,46,0.514,17.5,22,60,0.517,31,1,"7:30 PM, December 30, 2020",55.1,6,18.3,3,102.1,69.6,9,0.626,18,0.444,8,0.154,4,0.5,2,0,60,120.2,23.8,3,2,60,16.2,1,0.429,8,0.125,1,47.7,12,0.648,14.1,8,10,0.7,7,0,"TD Garden, Boston, Massachusetts",BOS,Boston Celtics,104.8,Away,MEM,Memphis Grizzlies,2020-12-30,MEM,BOS,107,126
57.4,27,3.4,2,136.2,80.4,37,0.566,99,0.475,47,0.354,35,0.829,29,1,240,132.5,35.4,17,19,141,4.7,5,0.465,46,0.391,18,57.4,54,0.616,9.5,12,53,0.547,29,3,"7:30 PM, December 30, 2020",55.6,9,5.7,1,132.5,64.6,11,0.635,24,0.667,16,0.23,5,0.8,4,0,60,136.2,19.6,2,5,78,5.6,1,0.41,10,0.5,5,42.6,13,0.658,6.8,5,14,0.786,11,0,"Barclays Center, Brooklyn, New York",BRK,Brooklyn Nets,106.4,Away,ATL,Atlanta Hawks,2020-12-30,ATL,BRK,141,145
69.8,30,13.3,6,98.4,74.5,38,0.601,84,0.512,43,0.25,21,0.81,17,2,240,117.2,31.6,12,28,118,6,6,0.405,34,0.441,15,56.2,50,0.633,19.8,23,50,0.56,28,2,"8:30 PM, December 30, 2020",70.6,9,12,1,117.2,68.4,8,0.46,24,0.5,12,0.379,7,1,7,0,60,98.4,25.5,4,6,42,9.9,3,0.483,11,0.455,5,43.8,12,0.488,12.1,5,13,0.538,7,0,"American Airlines Center, Dallas, Texas",DAL,Dallas Mavericks,100.6,Away,CHO,Charlotte Hornets,2020-12-30,CHO,DAL,118,99
43.8,14,7,4,126.3,76.6,36,0.5,76,0.421,32,0.447,34,0.853,29,2,240,103.6,12.2,5,17,105,4.9,5,0.5,38,0.316,12,46.6,41,0.577,15.7,17,38,0.526,20,2,"10:00 PM, December 30, 2020",63.8,6,15.8,1,103.6,87.8,8,0.589,19,0.474,9,0.232,4,0.75,3,0,60,126.3,23.4,0,2,52,12.8,1,0.4,9,0.556,5,53.4,8,0.611,8.7,3,10,0.4,4,0,"STAPLES Center, Los Angeles, California",LAC,Los Angeles Clippers,101.3,Away,POR,Portland Trail Blazers,2020-12-30,POR,LAC,105,128
65,26,14,6,115.2,75.6,31,0.471,102,0.392,40,0.127,13,0.923,12,3,240,104.6,27.6,16,25,108,13.6,14,0.402,41,0.39,16,47.5,47,0.501,10.8,13,61,0.393,24,2,"7:30 PM, December 30, 2020",62.5,3,8.2,0,104.6,72.4,7,0.579,22,0.227,5,0.354,6,1,6,0,60,115.2,24.4,1,5,68,4.8,7,0.476,12,0.25,3,52.5,8,0.628,18.8,4,10,0.2,2,0,"AmericanAirlines Arena, Miami, Florida",MIA,Miami Heat,103.3,Away,MIL,Milwaukee Bucks,2020-12-30,MIL,MIA,108,119
54.3,25,4.8,3,107.6,85.1,40,0.646,82,0.561,46,0.244,20,0.75,15,2,240,121.7,17.9,7,24,121,4,4,0.317,26,0.538,14,54.7,47,0.666,15.8,17,56,0.571,32,3,"8:30 PM, December 30, 2020",62.5,7,7.1,2,121.7,82.1,10,0.517,24,0.583,14,0.264,2,1,2,0,60,107.6,14.9,2,5,54,8,2,0.276,9,0.556,5,45.3,12,0.551,9.3,2,15,0.6,9,0,"AT&T Center, San Antonio, Texas",SAS,San Antonio Spurs,99.4,Away,LAL,Los Angeles Lakers,2020-12-30,LAL,SAS,121,107
51.1,23,10,5,117.1,75.6,31,0.526,96,0.469,45,0.25,24,0.75,18,2,240,114.3,28.6,14,21,119,10.6,11,0.344,33,0.333,11,50,45,0.558,12.3,15,63,0.54,34,3,"7:00 PM, December 31, 2020",57.8,9,9.5,1,114.3,71.4,10,0.599,21,0.571,12,0.291,8,0.625,5,0,60,117.1,24.4,1,5,59,9.6,1,0.419,10,0.4,4,50,11,0.629,15.7,4,11,0.727,8,0,"Toyota Center, Houston, Texas",HOU,Houston Rockets,104.2,Away,SAC,Sacramento Kings,2020-12-31,SAC,HOU,119,122
59.5,22,11.5,6,120.1,78,32,0.524,82,0.451,37,0.293,24,0.542,13,2,240,99.9,23.9,11,22,99,5,5,0.28,23,0.522,12,49.4,43,0.535,16.3,18,59,0.424,25,3,"3:00 PM, December 31, 2020",66.7,5,1.7,1,99.9,76.1,6,0.575,26,0.308,8,0.276,8,0.25,2,0,60,120.1,22,9,5,62,12.1,2,0.402,6,0.5,3,50.6,15,0.61,12.5,4,20,0.25,5,0,"Bankers Life Fieldhouse, Indianapolis, Indiana",IND,Indiana Pacers,99.1,Away,CLE,Cleveland Cavaliers,2020-12-31,CLE,IND,99,119
52.3,23,12.5,4,82.4,86.3,44,0.555,91,0.484,44,0.209,19,0.632,12,2,240,116.3,29.8,14,16,113,9.3,9,0.396,36,0.361,13,59.2,58,0.569,11.6,13,55,0.564,31,3,"8:00 PM, December 31, 2020",80,8,5.5,0,116.3,70.2,10,0.469,26,0.5,13,0.188,7,0.571,4,0,60,82.4,13.7,5,2,33,6.2,1,0.6,6,0.333,2,40.8,15,0.462,18,2,20,0.55,11,0,"Chesapeake Energy Arena, Oklahoma City, Oklahoma",OKC,Oklahoma City Thunder,97.1,Away,NOP,New Orleans Pelicans,2020-12-31,NOP,OKC,113,80
52.3,23,14.9,10,89.3,82.5,47,0.566,91,0.484,44,0.165,15,0.867,13,0,240,112.7,15.6,7,23,116,6.8,7,0.363,33,0.455,15,52.9,54,0.594,12.5,14,58,0.5,29,0,"6:30 PM, December 31, 2020",51.5,9,8.6,3,112.7,84.4,13,0.384,26,0.5,13,0.221,6,1,6,0,60,89.3,17.5,2,7,52,1.9,1,0.295,10,0.6,6,47.1,15,0.441,9.5,1,16,0.438,7,0,"Amway Center, Orlando, Florida",ORL,Orlando Magic,103,Away,PHI,Philadelphia 76ers,2020-12-31,PHI,ORL,116,92
65.6,21,9.7,3,100.8,81.3,39,0.381,88,0.364,32,0.227,20,0.8,16,3,240,83.7,17,9,21,83,6,6,0.409,36,0.083,3,47.5,48,0.429,13.4,15,52,0.558,29,2,"7:30 PM, December 31, 2020",61.8,5,11.5,0,83.7,83,12,0.512,24,0.292,7,0.253,2,1,2,0,60,100.8,18.8,4,6,58,7.1,1,0.627,8,0.25,2,52.5,16,0.542,14.8,5,16,0.312,5,0,"Amalie Arena, Tampa, Florida",TOR,Toronto Raptors,99.2,Away,NYK,New York Knicks,2020-12-31,NYK,TOR,83,100
63.4,26,12,6,99.7,78.3,36,0.589,84,0.488,41,0.119,10,0.7,7,1,240,111.2,12.2,5,17,106,5.2,5,0.393,33,0.515,17,47.1,41,0.6,14.5,15,51,0.471,24,4,"9:00 PM, December 31, 2020",45.7,4,5.9,0,111.2,87.8,9,0.488,23,0.391,9,0.226,0,,0,0,60,99.7,21.7,2,6,55,8.4,2,0.405,8,0.375,3,52.9,11,0.514,12.3,4,15,0.4,6,0,"Vivint Smart Home Arena, Salt Lake City, Utah",UTA,Utah Jazz,95.3,Away,PHO,Phoenix Suns,2020-12-31,PHO,UTA,106,95
68,34,5.5,3,123.1,79.5,35,0.62,92,0.543,50,0.272,25,0.76,19,3,240,125.9,24.3,9,27,133,8.5,9,0.391,36,0.389,14,54.3,44,0.646,12.7,15,56,0.643,36,2,"5:00 PM, December 31, 2020",64.3,11,7.1,0,125.9,75.7,7,0.583,27,0.519,14,0.488,2,0.5,1,0,60,123.1,20.5,3,6,62,7.6,1,0.345,10,0.6,6,45.7,10,0.637,12.1,2,17,0.471,8,0,"Capital One Arena, Washington, District of Columbia",WAS,Washington Wizards,105.6,Away,CHI,Chicago Bulls,2020-12-31,CHI,WAS,133,130
55.8,24,6.1,3,98.7,79.2,38,0.548,93,0.462,43,0.151,14,0.857,12,1,240,117.2,22.2,10,20,114,8.2,8,0.419,39,0.41,16,51.6,48,0.575,8.3,9,54,0.5,27,4,"7:30 PM, January 1, 2021",54.3,5,11.1,0,117.2,77.8,10,0.448,27,0.481,13,0.267,0,,0,0,60,98.7,20.8,3,5,44,6.2,3,0.43,9,0.333,3,48.4,13,0.499,13.5,4,18,0.556,10,0,"Barclays Center, Brooklyn, New York",BRK,Brooklyn Nets,97.3,Away,ATL,Atlanta Hawks,2021-01-01,ATL,BRK,114,96
79.1,34,10.9,6,93.9,79.2,38,0.556,90,0.478,43,0.111,10,0.8,8,3,240,109.1,23.8,10,18,108,10.1,10,0.433,39,0.359,14,53.3,48,0.572,13.7,15,51,0.569,29,2,"7:00 PM, January 1, 2021",65.7,4,7.8,2,109.1,76.2,11,0.459,22,0.409,9,0.244,2,1,2,0,60,93.9,20.8,3,4,46,9.1,1,0.36,9,0.333,3,46.7,14,0.488,15.9,4,13,0.462,6,0,"Spectrum Center, Charlotte, North Carolina",CHO,Charlotte Hornets,99,Away,MEM,Memphis Grizzlies,2021-01-01,MEM,CHO,108,93
69,20,4.9,2,95.4,90,36,0.417,78,0.372,29,0.321,25,0.72,18,3,240,85.1,10,5,24,83,10.3,10,0.423,33,0.212,7,45.6,41,0.466,13.6,14,45,0.489,22,2,"7:00 PM, January 1, 2021",56.3,3,6.7,0,85.1,90,8,0.487,18,0.333,6,0.295,6,0.667,4,0,60,95.4,10,0,7,47,9.2,3,0.474,7,0,0,54.4,8,0.528,15.4,2,11,0.545,6,0,"American Airlines Center, Dallas, Texas",DAL,Dallas Mavericks,97.5,Away,MIA,Miami Heat,2021-01-01,MIA,DAL,83,93
64.9,24,7,4,111.3,78.4,29,0.572,76,0.487,37,0.276,21,0.905,19,1,240,114.5,21.1,8,20,106,1.1,1,0.461,35,0.371,13,49.3,37,0.622,16.6,17,41,0.585,24,5,"9:00 PM, January 1, 2021",71.8,10,2.4,1,114.5,78.9,8,0.523,21,0.571,12,0.186,3,1,3,0,60,111.3,21.6,0,3,54,7.6,1,0.337,12,0.583,7,50.7,8,0.554,10.6,4,9,0.556,5,0,"Ball Arena, Denver, Colorado",DEN,Denver Nuggets,92.6,Away,PHO,Phoenix Suns,2021-01-01,PHO,DEN,106,103
51.3,20,20.4,11,95.9,75.5,37,0.518,83,0.47,39,0.169,14,0.5,7,3,240,92.9,16.7,7,20,93,12,12,0.373,31,0.258,8,48.4,44,0.522,17.6,19,52,0.596,31,3,"7:00 PM, January 1, 2021",50,2,3.8,1,92.9,83.3,9,0.472,19,0.263,5,0.227,2,0.5,1,0,60,95.9,24.5,2,1,41,9,2,0.386,6,0.167,1,51.6,11,0.496,15.7,7,13,0.308,4,0,"Little Caesars Arena, Detroit, Michigan",DET,Detroit Pistons,100.1,Away,BOS,Boston Celtics,2021-01-01,BOS,DET,93,96
57.5,23,6.8,3,93.9,93.5,43,0.543,92,0.435,40,0.326,30,0.767,23,2,240,117.8,16.3,8,27,123,10.5,11,0.467,43,0.465,20,53.7,51,0.585,8.7,10,49,0.408,20,3,"10:30 PM, January 1, 2021",61.3,4,18.4,0,117.8,83.7,12,0.437,23,0.522,12,0.418,9,0.556,5,0,60,93.9,6.5,2,3,43,3.8,2,0.443,10,0.7,7,46.3,14,0.524,13.8,2,13,0.385,5,0,"Chase Center, San Francisco, California",GSW,Golden State Warriors,104.4,Away,POR,Portland Trail Blazers,2021-01-01,POR,GSW,123,98
47.4,18,15,6,116.5,87.8,36,0.471,87,0.437,38,0.23,20,0.7,14,4,240,88.7,13.3,6,21,96,9.2,10,0.299,26,0.231,6,48.8,42,0.501,17.3,20,61,0.525,32,2,"8:00 PM, January 1, 2021",64.3,2,9.8,0,88.7,86.7,10,0.624,21,0.381,8,0.353,4,0.75,3,0,60,116.5,12.2,1,3,64,14.8,2,0.529,4,0.5,2,51.2,11,0.642,14.8,3,17,0.353,6,0,"Fiserv Forum, Milwaukee, Wisconsin",MIL,Milwaukee Bucks,108.2,Away,CHI,Chicago Bulls,2021-01-01,CHI,MIL,96,126
71.4,35,5.8,3,104.1,76.1,35,0.64,89,0.551,49,0.236,21,0.762,16,5,240,124.1,20,8,19,130,8.6,9,0.371,33,0.485,16,50,43,0.662,14,16,56,0.589,33,1,"8:00 PM, January 1, 2021",40.5,10,5.4,0,124.1,80,10,0.551,26,0.577,15,0.239,3,0.667,2,0,60,104.1,23.9,1,3,52,8.6,1,0.409,8,0.625,5,50,11,0.56,17.1,0,18,0.556,10,0,"Target Center, Minneapolis, Minnesota",MIN,Minnesota Timberwolves,104.7,Away,WAS,Washington Wizards,2021-01-01,WAS,MIN,130,109
65.9,27,13.7,7,102.5,84,42,0.475,101,0.406,41,0.158,16,0.813,13,2,240,108.4,30.2,16,20,109,8,8,0.327,33,0.424,14,56.3,58,0.504,10.7,13,68,0.397,27,4,"8:00 PM, January 1, 2021",63.9,7,11.8,1,108.4,69.8,7,0.5,26,0.346,9,0.306,4,0.75,3,0,60,102.5,16,6,4,46,3,3,0.4,7,0.571,4,43.7,13,0.534,11.9,4,19,0.263,5,0,"AT&T Center, San Antonio, Texas",SAS,San Antonio Spurs,100.5,Away,LAL,Los Angeles Lakers,2021-01-01,LAL,SAS,109,103
57.6,19,17,8,117.7,70.5,31,0.465,85,0.388,33,0.282,24,0.875,21,2,240,111,26.7,12,16,100,6.7,6,0.388,33,0.394,13,48.3,43,0.523,7.7,8,52,0.385,20,4,"9:00 PM, January 1, 2021",68.3,4,5.8,2,111,73.3,5,0.545,24,0.25,6,0.157,4,1,4,0,60,117.7,29.5,3,3,55,3.3,1,0.472,7,0.429,3,51.7,8,0.557,12,1,17,0.176,3,0,"Vivint Smart Home Arena, Salt Lake City, Utah",UTA,Utah Jazz,90.1,Away,LAC,Los Angeles Clippers,2021-01-01,LAC,UTA,100,106
50,19,3.8,2,95.7,67.4,31,0.456,91,0.418,38,0.187,17,0.765,13,2,240,100.9,31.3,15,21,96,10.5,10,0.319,29,0.241,7,48.9,46,0.487,13.2,15,62,0.5,31,4,"7:30 PM, January 2, 2021",62.9,4,8.1,0,100.9,68.8,7,0.476,25,0.48,12,0.224,1,0,0,0,60,95.7,32.6,5,6,35,9.5,0,0.376,4,0.25,1,51.1,12,0.487,17.6,4,21,0.524,11,0,"State Farm Arena, Atlanta, Georgia",ATL,Atlanta Hawks,95.1,Away,CLE,Cleveland Cavaliers,2021-01-02,CLE,ATL,96,91
31.4,11,10,4,105.4,84.6,33,0.439,90,0.389,35,0.233,21,0.714,15,3,240,97.2,25,14,21,94,5.2,5,0.311,28,0.321,9,49.5,47,0.474,12.4,14,62,0.419,26,3,"5:00 PM, January 2, 2021",41.7,3,16.1,1,97.2,75,6,0.525,23,0.609,14,0.284,6,0.833,5,0,60,105.4,15.4,5,8,38,10.3,1,0.506,5,0.6,3,50.5,11,0.56,12.5,5,18,0.611,11,0,"Toyota Center, Houston, Texas",HOU,Houston Rockets,96.7,Away,SAC,Sacramento Kings,2021-01-02,SAC,HOU,94,102
54.8,23,8.8,3,110.4,89.1,41,0.578,83,0.506,42,0.157,13,0.769,10,3,240,114.8,27,10,16,106,4.3,4,0.325,27,0.444,12,61.4,51,0.597,14.5,15,56,0.536,30,3,"7:00 PM, January 2, 2021",64.7,7,7.1,0,114.8,73,10,0.518,18,0.556,10,0.214,5,0.6,3,0,60,110.4,10.9,2,2,51,6.5,1,0.595,4,0.75,3,38.6,12,0.555,8,5,14,0.5,7,0,"Bankers Life Fieldhouse, Indianapolis, Indiana",IND,Indiana Pacers,92.4,Away,NYK,New York Knicks,2021-01-02,NYK,IND,106,102
55.3,21,8.9,4,122.5,68.2,30,0.495,91,0.418,38,0.297,27,0.963,26,4,240,118.4,21.7,10,29,116,6.1,6,0.527,48,0.292,14,44.4,40,0.564,8,9,43,0.558,24,1,"7:30 PM, January 2, 2021",74.3,5,16.3,0,118.4,78.3,8,0.506,22,0.409,9,0.566,5,1,5,0,60,122.5,31.8,1,6,65,6.1,0,0.458,12,0.25,3,55.6,9,0.579,10.4,4,10,0.6,6,0,"Smoothie King Center, New Orleans, Louisiana",NOP,New Orleans Pelicans,98,Away,TOR,Toronto Raptors,2021-01-02,TOR,NOP,116,120
57.9,22,7.1,5,99.7,75.4,46,0.517,86,0.442,38,0.244,21,0.905,19,3,240,108.8,13,6,17,108,5,5,0.477,41,0.317,13,48.6,52,0.567,9.5,10,45,0.556,25,2,"7:00 PM, January 2, 2021",52.5,4,2.2,1,108.8,87,11,0.417,22,0.364,8,0.111,9,1,9,0,60,99.7,24.6,0,3,48,7,0,0.352,12,0.25,3,51.4,11,0.437,5,1,10,0.5,5,0,"Amway Center, Orlando, Florida",ORL,Orlando Magic,99.3,Away,OKC,Oklahoma City Thunder,2021-01-02,OKC,ORL,108,99
89.5,34,11.4,5,126.3,78.8,26,0.484,92,0.413,38,0.283,26,0.885,23,4,240,111.3,26.9,14,18,112,14.9,15,0.38,35,0.371,13,47.1,40,0.541,10.4,12,57,0.439,25,2,"7:00 PM, January 2, 2021",74.5,6,12.3,2,111.3,73.1,5,0.696,25,0.28,7,0.304,9,0.889,8,2,60,126.3,21.2,5,2,54,9.9,3,0.443,10,0.2,2,52.9,10,0.709,19,1,15,0.333,5,76,"Wells Fargo Center, Philadelphia, Pennsylvania",PHI,Philadelphia 76ers,100.6,Away,CHO,Charlotte Hornets,2021-01-02,CHO,PHI,112,127
62.8,27,6.1,3,113,83.7,36,0.471,104,0.413,43,0.327,34,0.735,25,5,240,113.9,22.8,13,22,123,8.3,9,0.317,33,0.364,12,49,49,0.517,5.6,7,71,0.437,31,2,"6:00 PM, January 3, 2021",62.5,7,12.7,1,113.9,77.2,13,0.58,30,0.367,11,0.383,6,0.667,4,0,60,113,16.3,4,6,51,4.6,1,0.395,9,0.333,3,51,17,0.645,17.4,1,21,0.381,8,0,"Barclays Center, Brooklyn, New York",BRK,Brooklyn Nets,108,Away,WAS,Washington Wizards,2021-01-03,WAS,BRK,123,122
59,23,8.3,4,117.1,73.2,30,0.506,88,0.443,39,0.307,27,0.704,19,4,240,107.2,22.9,11,27,108,6,6,0.477,42,0.262,11,46.1,41,0.541,13.1,15,46,0.609,28,2,"8:00 PM, January 3, 2021",41,7,4.3,1,107.2,77.1,8,0.535,24,0.542,13,0.353,2,1,2,0,60,117.1,26.8,2,2,59,10.9,0,0.435,8,0.375,3,53.9,10,0.601,14,3,16,0.625,10,0,"United Center, Chicago, Illinois",CHI,Chicago Bulls,100.8,Away,DAL,Dallas Mavericks,2021-01-03,DAL,CHI,108,118
71.4,35,10,5,125.9,78.4,29,0.649,87,0.563,49,0.149,13,0.692,9,3,240,128,32.4,12,22,122,4.2,4,0.379,33,0.455,15,55.4,41,0.658,15.5,17,54,0.63,34,4,"3:00 PM, January 3, 2021",70.7,11,13,2,128,67.6,6,0.57,23,0.565,13,0.291,0,,0,0,60,125.9,21.6,2,1,63,8.4,2,0.419,11,0.455,5,44.6,8,0.619,8.5,3,12,0.667,8,0,"Little Caesars Arena, Detroit, Michigan",DET,Detroit Pistons,95.3,Away,BOS,Boston Celtics,2021-01-03,BOS,DET,122,120
39,16,3.7,2,127.8,71.8,28,0.49,98,0.418,41,0.337,33,0.788,26,3,240,113.8,22.2,12,27,122,6.5,7,0.439,43,0.326,14,43,40,0.542,9.6,12,55,0.491,27,3,"8:30 PM, January 3, 2021",46.9,4,12.7,0,113.8,77.8,5,0.631,25,0.48,12,0.386,8,0.625,5,0,60,127.8,28.2,3,9,71,3.7,1,0.386,10,0.4,4,57,8,0.665,12.7,4,15,0.533,8,0,"Chase Center, San Francisco, California",GSW,Golden State Warriors,107.2,Away,POR,Portland Trail Blazers,2021-01-03,POR,GSW,122,137
58.5,24,8.1,5,100.8,72.5,37,0.528,89,0.461,41,0.213,19,0.737,14,2,240,115.8,25,12,15,108,9.7,9,0.393,35,0.343,12,49.5,49,0.555,9.3,10,54,0.537,29,5,"6:00 PM, January 3, 2021",59,9,5.6,2,115.8,75,8,0.458,22,0.455,10,0.084,0,,0,0,60,100.8,27.5,1,4,40,6.4,1,0.347,11,0.455,5,50.5,9,0.477,10,3,11,0.455,5,0,"FedEx Forum, Memphis, Tennessee",MEM,Memphis Grizzlies,93.3,Away,LAL,Los Angeles Lakers,2021-01-03,LAL,MEM,108,94
75.6,34,7.4,4,112.2,76.9,30,0.592,92,0.489,45,0.228,21,0.714,15,4,240,127.6,32.5,13,11,124,6.2,6,0.489,45,0.422,19,54.4,43,0.612,12.9,15,47,0.553,26,2,"7:00 PM, January 3, 2021",68.2,5,12.8,0,127.6,67.5,8,0.576,25,0.36,9,0.188,9,0.667,6,0,60,112.2,23.1,4,4,61,11.3,0,0.365,13,0.385,5,45.6,12,0.592,13.2,2,12,0.333,4,0,"Target Center, Minneapolis, Minnesota",MIN,Minnesota Timberwolves,97.2,Away,DEN,Denver Nuggets,2021-01-03,DEN,MIN,124,109
60,24,4.8,2,117,80.6,29,0.584,83,0.482,40,0.229,19,0.789,15,2,240,122.5,19.5,8,22,112,5.5,5,0.349,29,0.586,17,48.1,37,0.613,9.9,10,54,0.426,23,5,"8:00 PM, January 3, 2021",62.2,9,5.6,0,122.5,80.5,8,0.56,23,0.609,14,0.373,4,0.75,3,0,60,117,19.4,1,1,63,4.4,1,0.44,9,0.667,6,51.9,9,0.613,13,3,14,0.571,8,0,"Phoenix Suns Arena, Phoenix, Arizona",PHO,Phoenix Suns,91.5,Away,LAC,Los Angeles Clippers,2021-01-03,LAC,PHO,112,107
59.2,29,12.8,11,103,77.4,48,0.669,89,0.551,49,0.213,19,0.579,11,2,240,122.9,22.5,9,18,130,3.8,4,0.461,41,0.512,21,55.9,57,0.668,16.3,19,48,0.583,28,4,"7:00 PM, January 3, 2021",52.3,9,8.3,1,122.9,77.5,14,0.448,20,0.55,11,0.2,6,0.833,5,0,60,103,22.6,0,2,58,12.3,0,0.181,11,0.545,6,44.1,14,0.477,5.8,3,9,0.556,5,0,"AT&T Center, San Antonio, Texas",SAS,San Antonio Spurs,105.8,Away,UTA,Utah Jazz,2021-01-03,UTA,SAS,130,109
60.5,26,10.7,6,110.9,77.3,34,0.547,85,0.506,43,0.294,25,0.8,20,3,240,116.1,26.8,11,21,113,9.2,9,0.247,21,0.333,7,52.9,45,0.589,13.5,15,64,0.562,36,4,"7:30 PM, January 4, 2021",60,7,3.1,2,116.1,73.2,11,0.517,25,0.56,14,0.264,2,1,2,0,60,110.9,22.7,2,4,50,4.1,3,0.356,4,0.25,1,47.1,13,0.556,11,4,21,0.619,13,0,"State Farm Arena, Atlanta, Georgia",ATL,Atlanta Hawks,97.4,Away,NYK,New York Knicks,2021-01-04,NYK,ATL,113,108
58.8,20,11.1,6,125.6,93.2,41,0.433,90,0.378,34,0.433,39,0.718,28,4,240,97.2,19.6,11,20,106,4.6,5,0.389,35,0.286,10,52,52,0.495,11.6,14,55,0.436,24,3,"10:00 PM, January 4, 2021",80.4,3,10.9,1,97.2,80.4,9,0.644,18,0.278,5,0.144,12,0.667,8,0,60,125.6,6.8,2,7,69,3.7,0,0.443,8,0.25,2,48,11,0.664,9.6,6,10,0.3,3,0,"Chase Center, San Francisco, California",GSW,Golden State Warriors,109,Away,SAC,Sacramento Kings,2021-01-04,SAC,GSW,106,137
61.5,24,8.1,3,105.8,85.4,41,0.573,82,0.476,39,0.244,20,0.95,19,4,240,119.6,26.3,10,31,113,4.2,4,0.476,39,0.41,16,59.3,51,0.622,14.2,15,43,0.535,23,3,"8:00 PM, January 4, 2021",56.7,4,9.3,2,119.6,73.7,11,0.461,22,0.409,9,0.468,11,1,11,0,60,105.8,14.6,5,6,51,5.3,2,0.519,12,0.333,4,40.7,16,0.539,11.4,3,10,0.5,5,0,"Toyota Center, Houston, Texas",HOU,Houston Rockets,94.5,Away,DAL,Dallas Mavericks,2021-01-04,DAL,HOU,113,100
69,20,8.5,4,120.2,88.9,32,0.449,79,0.367,29,0.342,27,0.704,19,4,240,91.7,12.2,6,15,90,6.1,6,0.608,48,0.271,13,44.7,38,0.495,14.2,15,31,0.516,16,2,"7:30 PM, January 4, 2021",73.9,4,0,1,91.7,87.8,9,0.667,24,0.417,10,0.222,4,1,4,0,60,120.2,11.1,0,1,55,7.1,2,0.42,10,0.2,2,55.3,9,0.664,13.6,1,14,0.571,8,0,"AmericanAirlines Arena, Miami, Florida",MIA,Miami Heat,98.1,Away,OKC,Oklahoma City Thunder,2021-01-04,OKC,MIA,90,118
62.8,27,9.8,5,121.7,78.1,25,0.526,98,0.439,43,0.122,12,1,12,6,240,112,12.5,6,17,115,8.8,9,0.408,40,0.425,17,38.8,31,0.557,7.2,8,58,0.448,26,1,"8:00 PM, January 4, 2021",65.3,7,6.9,1,112,87.5,8,0.659,24,0.375,9,0.188,2,1,2,0,60,121.7,21.9,2,4,58,5.8,2,0.4,13,0.462,6,61.3,10,0.679,17.1,5,11,0.273,3,0,"Fiserv Forum, Milwaukee, Wisconsin",MIL,Milwaukee Bucks,102.7,Away,DET,Detroit Pistons,2021-01-04,DET,MIL,115,125
71.1,32,10.8,8,107,69.8,37,0.586,93,0.484,45,0.14,13,0.692,9,2,265,108.9,10.9,5,27,118,9.2,10,0.484,45,0.422,19,42.4,42,0.598,12.4,14,48,0.542,26,5,"8:00 PM, January 4, 2021",59.1,7,8.3,3,108.9,89.1,7,0.48,22,0.455,10,0.238,4,0.5,2,0,60,107,30.2,1,6,10,4.6,3,0.267,8,0.5,4,57.6,8,0.52,13.9,2,14,0.429,6,0,"Smoothie King Center, New Orleans, Louisiana",NOP,New Orleans Pelicans,98.2,Away,IND,Indiana Pacers,2021-01-04,IND,NOP,118,116
60.6,20,7.4,4,112.6,59.1,26,0.447,85,0.388,33,0.141,12,0.583,7,3,240,90.7,20,9,14,83,13.1,12,0.329,28,0.357,10,39.3,35,0.46,13.4,14,57,0.404,23,4,"7:00 PM, January 4, 2021",57.9,5,12.3,1,90.7,80,7,0.517,18,0.444,8,0.148,4,0.5,2,0,60,112.6,40.9,0,1,52,9.8,4,0.386,4,0.25,1,60.7,7,0.55,16.9,6,14,0.5,7,0,"Amway Center, Orlando, Florida",ORL,Orlando Magic,91.5,Away,CLE,Cleveland Cavaliers,2021-01-04,CLE,ORL,83,103
83.3,30,6.3,4,116.6,73.6,39,0.494,86,0.419,36,0.256,22,0.727,16,5,240,99.8,16.3,8,24,101,4,4,0.453,39,0.333,13,46.1,47,0.528,14.3,16,47,0.489,23,2,"7:00 PM, January 4, 2021",73.9,6,10.6,1,99.8,83.7,14,0.542,22,0.364,8,0.242,3,0.667,2,2,60,116.6,26.4,1,3,60,6.9,0,0.337,8,0.25,2,53.9,15,0.561,8.7,3,14,0.429,6,76,"Wells Fargo Center, Philadelphia, Pennsylvania",PHI,Philadelphia 76ers,101.2,Away,CHO,Charlotte Hornets,2021-01-04,CHO,PHI,101,118
46.3,19,17,9,108.9,84.6,44,0.577,84,0.488,41,0.405,34,0.853,29,3,240,120.3,29.3,12,29,126,2.9,3,0.345,29,0.517,15,60.2,56,0.637,16.1,19,55,0.473,26,5,"7:30 PM, January 4, 2021",55.6,4,7.3,2,120.3,70.7,11,0.472,18,0.444,8,0.422,3,1,3,0,60,108.9,15.4,1,7,68,12.4,1,0.411,6,0.667,4,39.8,12,0.534,8.6,6,12,0.333,4,0,"Amalie Arena, Tampa, Florida",TOR,Toronto Raptors,104.7,Away,BOS,Boston Celtics,2021-01-04,BOS,TOR,126,114
51.5,17,5.3,3,127.5,80,32,0.453,85,0.388,33,0.318,27,0.704,19,3,240,94.2,18.9,10,18,96,5.9,6,0.4,34,0.324,11,45.2,42,0.495,14.2,16,51,0.431,22,4,"7:30 PM, January 5, 2021",59.6,3,7.8,0,94.2,81.1,5,0.634,21,0.19,4,0.172,6,0.833,5,0,60,127.5,20,1,4,67,10.8,0,0.387,7,0.143,1,54.8,6,0.65,10.7,2,14,0.214,3,0,"Barclays Center, Brooklyn, New York",BRK,Brooklyn Nets,102,Away,UTA,Utah Jazz,2021-01-05,UTA,BRK,96,130
57.1,24,7.4,4,120.2,76.2,32,0.522,91,0.462,42,0.297,27,0.778,21,5,240,113.4,23.8,10,31,116,7.8,8,0.374,34,0.324,11,50,42,0.564,12,14,57,0.544,31,2,"9:00 PM, January 5, 2021",53.7,6,3.5,0,113.4,76.2,8,0.57,22,0.318,7,0.57,7,0.857,6,0,60,120.2,23.8,3,6,61,8.8,2,0.316,8,0.25,2,50,11,0.622,12.4,5,14,0.357,5,0,"Ball Arena, Denver, Colorado",DEN,Denver Nuggets,102.3,Away,MIN,Minnesota Timberwolves,2021-01-05,MIN,DEN,116,123
52.3,23,5.9,3,116.5,82.5,33,0.563,96,0.458,44,0.115,11,0.727,8,4,240,119.6,22.4,11,13,116,9.3,9,0.417,40,0.5,20,49.4,44,0.575,9,10,56,0.429,24,3,"10:00 PM, January 5, 2021",67.4,8,12.5,1,119.6,77.6,8,0.587,25,0.56,14,0.151,1,1,1,0,60,116.5,17.5,3,3,69,6.2,2,0.407,11,0.636,7,50.6,11,0.616,12.4,2,14,0.5,7,0,"STAPLES Center, Los Angeles, California",LAC,Los Angeles Clippers,97,Away,SAS,San Antonio Spurs,2021-01-05,SAS,LAC,116,113
63.2,24,13.1,8,93.6,89.6,43,0.489,87,0.437,38,0.126,11,0.818,9,2,240,95.6,21.4,9,14,94,7.1,7,0.356,31,0.29,9,57.8,52,0.512,15.6,17,56,0.518,29,6,"8:00 PM, January 5, 2021",66.7,6,7.1,4,95.6,78.6,11,0.471,21,0.429,9,0.149,2,0.5,1,0,60,93.6,10.4,0,2,43,14.2,2,0.299,5,0,0,42.2,11,0.496,12.3,6,16,0.562,9,0,"FedEx Forum, Memphis, Tennessee",MEM,Memphis Grizzlies,98.3,Away,LAL,Los Angeles Lakers,2021-01-05,LAL,MEM,94,92
67.5,27,11.6,5,107.6,80.4,41,0.527,91,0.44,40,0.198,18,0.833,15,4,240,110.6,23.4,11,19,111,5,5,0.451,41,0.39,16,53.1,52,0.561,13.2,15,50,0.48,24,4,"10:30 PM, January 5, 2021",59,6,6,1,110.6,76.6,7,0.516,26,0.308,8,0.181,4,0.75,3,0,60,107.6,19.6,3,6,54,8,1,0.543,10,0.2,2,46.9,10,0.532,9.8,3,16,0.375,6,0,"Moda Center, Portland, Oregon",POR,Portland Trail Blazers,100.3,Away,CHI,Chicago Bulls,2021-01-05,CHI,POR,111,108
0,0,0,0,0,0,0,0,0,0,0,0,0,0,0,0,0,0,0,0,0,0,0,0,0,0,0,0,0,0,0,0,0,0,0,0,0,0,0,0,0,0,0,0,0,0,0,0,0,0,0,0,0,0,0,0,0,0,0,0,0,0,0,0,0,0,0,0,0,0,0,0,0,0,0,0,,0,0,0,0,0,2021-01-06,HOU,IND,0,0
0,0,0,0,0,0,0,0,0,0,0,0,0,0,0,0,0,0,0,0,0,0,0,0,0,0,0,0,0,0,0,0,0,0,0,0,0,0,0,0,0,0,0,0,0,0,0,0,0,0,0,0,0,0,0,0,0,0,0,0,0,0,0,0,0,0,0,0,0,0,0,0,0,0,0,0,,0,0,0,0,0,2021-01-06,WAS,PHI,0,0
0,0,0,0,0,0,0,0,0,0,0,0,0,0,0,0,0,0,0,0,0,0,0,0,0,0,0,0,0,0,0,0,0,0,0,0,0,0,0,0,0,0,0,0,0,0,0,0,0,0,0,0,0,0,0,0,0,0,0,0,0,0,0,0,0,0,0,0,0,0,0,0,0,0,0,0,,0,0,0,0,0,2021-01-06,CLE,ORL,0,0
0,0,0,0,0,0,0,0,0,0,0,0,0,0,0,0,0,0,0,0,0,0,0,0,0,0,0,0,0,0,0,0,0,0,0,0,0,0,0,0,0,0,0,0,0,0,0,0,0,0,0,0,0,0,0,0,0,0,0,0,0,0,0,0,0,0,0,0,0,0,0,0,0,0,0,0,,0,0,0,0,0,2021-01-06,BOS,MIA,0,0
0,0,0,0,0,0,0,0,0,0,0,0,0,0,0,0,0,0,0,0,0,0,0,0,0,0,0,0,0,0,0,0,0,0,0,0,0,0,0,0,0,0,0,0,0,0,0,0,0,0,0,0,0,0,0,0,0,0,0,0,0,0,0,0,0,0,0,0,0,0,0,0,0,0,0,0,,0,0,0,0,0,2021-01-06,CHO,ATL,0,0
0,0,0,0,0,0,0,0,0,0,0,0,0,0,0,0,0,0,0,0,0,0,0,0,0,0,0,0,0,0,0,0,0,0,0,0,0,0,0,0,0,0,0,0,0,0,0,0,0,0,0,0,0,0,0,0,0,0,0,0,0,0,0,0,0,0,0,0,0,0,0,0,0,0,0,0,,0,0,0,0,0,2021-01-06,UTA,NYK,0,0
0,0,0,0,0,0,0,0,0,0,0,0,0,0,0,0,0,0,0,0,0,0,0,0,0,0,0,0,0,0,0,0,0,0,0,0,0,0,0,0,0,0,0,0,0,0,0,0,0,0,0,0,0,0,0,0,0,0,0,0,0,0,0,0,0,0,0,0,0,0,0,0,0,0,0,0,,0,0,0,0,0,2021-01-06,OKC,NOP,0,0
0,0,0,0,0,0,0,0,0,0,0,0,0,0,0,0,0,0,0,0,0,0,0,0,0,0,0,0,0,0,0,0,0,0,0,0,0,0,0,0,0,0,0,0,0,0,0,0,0,0,0,0,0,0,0,0,0,0,0,0,0,0,0,0,0,0,0,0,0,0,0,0,0,0,0,0,,0,0,0,0,0,2021-01-06,DET,MIL,0,0
0,0,0,0,0,0,0,0,0,0,0,0,0,0,0,0,0,0,0,0,0,0,0,0,0,0,0,0,0,0,0,0,0,0,0,0,0,0,0,0,0,0,0,0,0,0,0,0,0,0,0,0,0,0,0,0,0,0,0,0,0,0,0,0,0,0,0,0,0,0,0,0,0,0,0,0,,0,0,0,0,0,2021-01-06,TOR,PHO,0,0
0,0,0,0,0,0,0,0,0,0,0,0,0,0,0,0,0,0,0,0,0,0,0,0,0,0,0,0,0,0,0,0,0,0,0,0,0,0,0,0,0,0,0,0,0,0,0,0,0,0,0,0,0,0,0,0,0,0,0,0,0,0,0,0,0,0,0,0,0,0,0,0,0,0,0,0,,0,0,0,0,0,2021-01-06,CHI,SAC,0,0
0,0,0,0,0,0,0,0,0,0,0,0,0,0,0,0,0,0,0,0,0,0,0,0,0,0,0,0,0,0,0,0,0,0,0,0,0,0,0,0,0,0,0,0,0,0,0,0,0,0,0,0,0,0,0,0,0,0,0,0,0,0,0,0,0,0,0,0,0,0,0,0,0,0,0,0,,0,0,0,0,0,2021-01-06,LAC,GSW,0,0
0,0,0,0,0,0,0,0,0,0,0,0,0,0,0,0,0,0,0,0,0,0,0,0,0,0,0,0,0,0,0,0,0,0,0,0,0,0,0,0,0,0,0,0,0,0,0,0,0,0,0,0,0,0,0,0,0,0,0,0,0,0,0,0,0,0,0,0,0,0,0,0,0,0,0,0,,0,0,0,0,0,2021-01-07,PHI,BRK,0,0
0,0,0,0,0,0,0,0,0,0,0,0,0,0,0,0,0,0,0,0,0,0,0,0,0,0,0,0,0,0,0,0,0,0,0,0,0,0,0,0,0,0,0,0,0,0,0,0,0,0,0,0,0,0,0,0,0,0,0,0,0,0,0,0,0,0,0,0,0,0,0,0,0,0,0,0,,0,0,0,0,0,2021-01-07,CLE,MEM,0,0
0,0,0,0,0,0,0,0,0,0,0,0,0,0,0,0,0,0,0,0,0,0,0,0,0,0,0,0,0,0,0,0,0,0,0,0,0,0,0,0,0,0,0,0,0,0,0,0,0,0,0,0,0,0,0,0,0,0,0,0,0,0,0,0,0,0,0,0,0,0,0,0,0,0,0,0,,0,0,0,0,0,2021-01-07,MIN,POR,0,0
0,0,0,0,0,0,0,0,0,0,0,0,0,0,0,0,0,0,0,0,0,0,0,0,0,0,0,0,0,0,0,0,0,0,0,0,0,0,0,0,0,0,0,0,0,0,0,0,0,0,0,0,0,0,0,0,0,0,0,0,0,0,0,0,0,0,0,0,0,0,0,0,0,0,0,0,,0,0,0,0,0,2021-01-07,DAL,DEN,0,0
0,0,0,0,0,0,0,0,0,0,0,0,0,0,0,0,0,0,0,0,0,0,0,0,0,0,0,0,0,0,0,0,0,0,0,0,0,0,0,0,0,0,0,0,0,0,0,0,0,0,0,0,0,0,0,0,0,0,0,0,0,0,0,0,0,0,0,0,0,0,0,0,0,0,0,0,,0,0,0,0,0,2021-01-07,SAS,LAL,0,0